PRD301,Almond Butter,185,2024-01-12
PRD302,Cold Brew Coffee,240,2024-01-18
PRD303,Organic Honey,150,2024-02-02
PRD304,Dark Chocolate,320,2024-02-10
PRD305,Green Tea Extract,210,2024-02-15
PRD306,Protein Granola,275,2024-02-20
PRD307,Blueberry Jam,130,2024-03-01
PRD308,Coconut Oil,195,2024-03-05
PRD309,
PRD310,Chia Seeds Mix,Oatmeal,2024-03-18
PRD311,Herbal Detox Drink,310,2024-03-25
PRD312,Roasted Cashews,225,2024-04-02
PRD313,Oatmeal Cookies,145,2024-04-08
PRD314,Vanilla Protein Shake,355,2024-04-15
PRD315,Turmeric Latte Mix,180,2024-04-22
